store_id,model_id,segment,forecast_demand,safety_stock,recommended_inventory,current_inventory,inventory_gap,excess_inventory,shortage_inventory
S01,P001,Budget,187,37,224,207,-17,0,17
S01,P002,Budget,372,74,446,567,121,121,0
S01,P003,Budget,187,37,224,255,31,31,0
S01,P004,Budget,372,74,446,472,26,26,0
S01,P005,Budget,264,53,317,252,-65,0,65
S01,P006,Budget,372,74,446,354,-92,0,92
S01,P007,Budget,372,74,446,328,-118,0,118
S01,P008,Budget,372,74,446,544,98,98,0
S01,P009,Budget,372,74,446,473,27,27,0
S01,P010,Budget,370,74,444,499,55,55,0
S01,P011,Budget,372,74,446,318,-128,0,128
S01,P012,Budget,372,74,446,572,126,126,0
S01,P013,Budget,372,74,446,535,89,89,0
S01,P014,Budget,372,74,446,369,-77,0,77
S01,P015,Budget,372,74,446,361,-85,0,85
S01,P016,Budget,372,74,446,361,-85,0,85
S01,P017,Budget,372,74,446,394,-52,0,52
S01,P018,Budget,372,74,446,453,7,7,0
S01,P019,Budget,372,74,446,428,-18,0,18
S01,P020,Budget,372,74,446,390,-56,0,56
S01,P021,Mid-range,186,37,223,238,15,15,0
S01,P022,Mid-range,375,75,450,353,-97,0,97
S01,P023,Mid-range,184,37,221,193,-28,0,28
S01,P024,Mid-range,372,74,446,410,-36,0,36
S01,P025,Mid-range,187,37,224,218,-6,0,6
S01,P026,Mid-range,375,75,450,527,77,77,0
S01,P027,Mid-range,374,75,449,368,-81,0,81
S01,P028,Mid-range,374,75,449,453,4,4,0
S01,P029,Mid-range,374,75,449,474,25,25,0
S01,P030,Mid-range,372,74,446,325,-121,0,121
S01,P031,Mid-range,373,75,448,477,29,29,0
S01,P032,Mid-range,373,75,448,359,-89,0,89
S01,P033,Mid-range,373,75,448,331,-117,0,117
S01,P034,Mid-range,374,75,449,570,121,121,0
S01,P035,Mid-range,373,75,448,573,125,125,0
S01,P036,Mid-range,374,75,449,532,83,83,0
S01,P037,Mid-range,373,75,448,395,-53,0,53
S01,P038,Mid-range,372,74,446,338,-108,0,108
S01,P039,Mid-range,373,75,448,498,50,50,0
S01,P040,Mid-range,374,75,449,433,-16,0,16
S01,P041,Premium,234,47,281,217,-64,0,64
S01,P042,Premium,255,51,306,305,-1,0,1
S01,P043,Premium,124,25,149,107,-42,0,42
S01,P044,Premium,254,51,305,380,75,75,0
S01,P045,Premium,254,51,305,261,-44,0,44
S01,P046,Premium,256,51,307,337,30,30,0
S01,P047,Premium,255,51,306,271,-35,0,35
S01,P048,Premium,255,51,306,310,4,4,0
S01,P049,Premium,255,51,306,315,9,9,0
S01,P050,Premium,256,51,307,249,-58,0,58
S01,P051,Premium,255,51,306,392,86,86,0
S01,P052,Premium,255,51,306,357,51,51,0
S01,P053,Flagship,68,14,82,104,22,22,0
S01,P054,Flagship,187,37,224,277,53,53,0
S01,P055,Flagship,90,18,108,114,6,6,0
S01,P056,Flagship,187,37,224,281,57,57,0
S01,P057,Flagship,157,31,188,142,-46,0,46
S01,P058,Flagship,187,37,224,183,-41,0,41
S01,P059,Flagship,187,37,224,163,-61,0,61
S01,P060,Flagship,187,37,224,201,-23,0,23
S02,P001,Budget,187,37,224,209,-15,0,15
S02,P002,Budget,372,74,446,385,-61,0,61
S02,P003,Budget,187,37,224,268,44,44,0
S02,P004,Budget,372,74,446,408,-38,0,38
S02,P005,Budget,262,52,314,273,-41,0,41
S02,P006,Budget,372,74,446,457,11,11,0
S02,P007,Budget,368,74,442,347,-95,0,95
S02,P008,Budget,371,74,445,526,81,81,0
S02,P009,Budget,372,74,446,332,-114,0,114
S02,P010,Budget,370,74,444,574,130,130,0
S02,P011,Budget,372,74,446,519,73,73,0
S02,P012,Budget,372,74,446,365,-81,0,81
S02,P013,Budget,372,74,446,314,-132,0,132
S02,P014,Budget,372,74,446,530,84,84,0
S02,P015,Budget,371,74,445,500,55,55,0
S02,P016,Budget,372,74,446,507,61,61,0
S02,P017,Budget,372,74,446,519,73,73,0
S02,P018,Budget,372,74,446,332,-114,0,114
S02,P019,Budget,372,74,446,408,-38,0,38
S02,P020,Budget,372,74,446,343,-103,0,103
S02,P021,Mid-range,186,37,223,272,49,49,0
S02,P022,Mid-range,372,74,446,479,33,33,0
S02,P023,Mid-range,186,37,223,200,-23,0,23
S02,P024,Mid-range,372,74,446,329,-117,0,117
S02,P025,Mid-range,186,37,223,198,-25,0,25
S02,P026,Mid-range,372,74,446,399,-47,0,47
S02,P027,Mid-range,373,75,448,510,62,62,0
S02,P028,Mid-range,372,74,446,483,37,37,0
S02,P029,Mid-range,372,74,446,550,104,104,0
S02,P030,Mid-range,373,75,448,441,-7,0,7
S02,P031,Mid-range,373,75,448,346,-102,0,102
S02,P032,Mid-range,375,75,450,508,58,58,0
S02,P033,Mid-range,373,75,448,518,70,70,0
S02,P034,Mid-range,372,74,446,462,16,16,0
S02,P035,Mid-range,372,74,446,519,73,73,0
S02,P036,Mid-range,373,75,448,446,-2,0,2
S02,P037,Mid-range,372,74,446,452,6,6,0
S02,P038,Mid-range,373,75,448,429,-19,0,19
S02,P039,Mid-range,372,74,446,319,-127,0,127
S02,P040,Mid-range,372,74,446,341,-105,0,105
S02,P041,Premium,243,49,292,210,-82,0,82
S02,P042,Premium,256,51,307,332,25,25,0
S02,P043,Premium,124,25,149,132,-17,0,17
S02,P044,Premium,255,51,306,308,2,2,0
S02,P045,Premium,252,50,302,376,74,74,0
S02,P046,Premium,256,51,307,261,-46,0,46
S02,P047,Premium,254,51,305,289,-16,0,16
S02,P048,Premium,255,51,306,353,47,47,0
S02,P049,Premium,255,51,306,256,-50,0,50
S02,P050,Premium,256,51,307,229,-78,0,78
S02,P051,Premium,255,51,306,267,-39,0,39
S02,P052,Premium,255,51,306,244,-62,0,62
S02,P053,Flagship,81,16,97,122,25,25,0
S02,P054,Flagship,187,37,224,265,41,41,0
S02,P055,Flagship,78,16,94,102,8,8,0
S02,P056,Flagship,187,37,224,274,50,50,0
S02,P057,Flagship,157,31,188,222,34,34,0
S02,P058,Flagship,187,37,224,182,-42,0,42
S02,P059,Flagship,187,37,224,277,53,53,0
S02,P060,Flagship,187,37,224,229,5,5,0
S03,P001,Budget,258,52,310,367,57,57,0
S03,P002,Budget,558,112,670,829,159,159,0
S03,P003,Budget,271,54,325,290,-35,0,35
S03,P004,Budget,558,112,670,513,-157,0,157
S03,P005,Budget,411,82,493,413,-80,0,80
S03,P006,Budget,558,112,670,641,-29,0,29
S03,P007,Budget,558,112,670,798,128,128,0
S03,P008,Budget,558,112,670,815,145,145,0
S03,P009,Budget,558,112,670,472,-198,0,198
S03,P010,Budget,558,112,670,674,4,4,0
S03,P011,Budget,558,112,670,637,-33,0,33
S03,P012,Budget,558,112,670,558,-112,0,112
S03,P013,Budget,557,111,668,516,-152,0,152
S03,P014,Budget,558,112,670,605,-65,0,65
S03,P015,Budget,558,112,670,848,178,178,0
S03,P016,Budget,558,112,670,599,-71,0,71
S03,P017,Budget,558,112,670,678,8,8,0
S03,P018,Budget,558,112,670,752,82,82,0
S03,P019,Budget,558,112,670,615,-55,0,55
S03,P020,Budget,558,112,670,860,190,190,0
S03,P021,Mid-range,255,51,306,391,85,85,0
S03,P022,Mid-range,499,100,599,510,-89,0,89
S03,P023,Mid-range,255,51,306,305,-1,0,1
S03,P024,Mid-range,499,100,599,527,-72,0,72
S03,P025,Mid-range,257,51,308,268,-40,0,40
S03,P026,Mid-range,499,100,599,433,-166,0,166
S03,P027,Mid-range,501,100,601,641,40,40,0
S03,P028,Mid-range,499,100,599,600,1,1,0
S03,P029,Mid-range,500,100,600,439,-161,0,161
S03,P030,Mid-range,499,100,599,519,-80,0,80
S03,P031,Mid-range,500,100,600,747,147,147,0
S03,P032,Mid-range,499,100,599,505,-94,0,94
S03,P033,Mid-range,500,100,600,472,-128,0,128
S03,P034,Mid-range,499,100,599,595,-4,0,4
S03,P035,Mid-range,500,100,600,775,175,175,0
S03,P036,Mid-range,499,100,599,506,-93,0,93
S03,P037,Mid-range,502,100,602,664,62,62,0
S03,P038,Mid-range,498,100,598,692,94,94,0
S03,P039,Mid-range,504,101,605,510,-95,0,95
S03,P040,Mid-range,499,100,599,681,82,82,0
S03,P041,Premium,167,33,200,184,-16,0,16
S03,P042,Premium,190,38,228,246,18,18,0
S03,P043,Premium,68,14,82,89,7,7,0
S03,P044,Premium,191,38,229,234,5,5,0
S03,P045,Premium,190,38,228,172,-56,0,56
S03,P046,Premium,191,38,229,275,46,46,0
S03,P047,Premium,191,38,229,204,-25,0,25
S03,P048,Premium,190,38,228,185,-43,0,43
S03,P049,Premium,192,38,230,167,-63,0,63
S03,P050,Premium,190,38,228,240,12,12,0
S03,P051,Premium,190,38,228,252,24,24,0
S03,P052,Premium,190,38,228,162,-66,0,66
S03,P053,Flagship,62,12,74,75,1,1,0
S03,P054,Flagship,63,13,76,64,-12,0,12
S03,P055,Flagship,62,12,74,80,6,6,0
S03,P056,Flagship,63,13,76,61,-15,0,15
S03,P057,Flagship,63,13,76,85,9,9,0
S03,P058,Flagship,63,13,76,71,-5,0,5
S03,P059,Flagship,63,13,76,96,20,20,0
S03,P060,Flagship,63,13,76,59,-17,0,17
S04,P001,Budget,187,37,224,203,-21,0,21
S04,P002,Budget,371,74,445,342,-103,0,103
S04,P003,Budget,186,37,223,280,57,57,0
S04,P004,Budget,372,74,446,547,101,101,0
S04,P005,Budget,264,53,317,271,-46,0,46
S04,P006,Budget,372,74,446,489,43,43,0
S04,P007,Budget,370,74,444,529,85,85,0
S04,P008,Budget,372,74,446,461,15,15,0
S04,P009,Budget,372,74,446,454,8,8,0
S04,P010,Budget,371,74,445,376,-69,0,69
S04,P011,Budget,372,74,446,337,-109,0,109
S04,P012,Budget,372,74,446,552,106,106,0
S04,P013,Budget,372,74,446,553,107,107,0
S04,P014,Budget,372,74,446,482,36,36,0
S04,P015,Budget,372,74,446,403,-43,0,43
S04,P016,Budget,372,74,446,406,-40,0,40
S04,P017,Budget,371,74,445,505,60,60,0
S04,P018,Budget,370,74,444,550,106,106,0
S04,P019,Budget,372,74,446,550,104,104,0
S04,P020,Budget,372,74,446,521,75,75,0
S04,P021,Mid-range,187,37,224,243,19,19,0
S04,P022,Mid-range,372,74,446,335,-111,0,111
S04,P023,Mid-range,186,37,223,178,-45,0,45
S04,P024,Mid-range,372,74,446,553,107,107,0
S04,P025,Mid-range,186,37,223,237,14,14,0
S04,P026,Mid-range,372,74,446,315,-131,0,131
S04,P027,Mid-range,372,74,446,339,-107,0,107
S04,P028,Mid-range,372,74,446,490,44,44,0
S04,P029,Mid-range,372,74,446,314,-132,0,132
S04,P030,Mid-range,372,74,446,355,-91,0,91
S04,P031,Mid-range,372,74,446,459,13,13,0
S04,P032,Mid-range,372,74,446,497,51,51,0
S04,P033,Mid-range,372,74,446,487,41,41,0
S04,P034,Mid-range,372,74,446,372,-74,0,74
S04,P035,Mid-range,372,74,446,503,57,57,0
S04,P036,Mid-range,372,74,446,376,-70,0,70
S04,P037,Mid-range,372,74,446,399,-47,0,47
S04,P038,Mid-range,372,74,446,512,66,66,0
S04,P039,Mid-range,372,74,446,486,40,40,0
S04,P040,Mid-range,372,74,446,539,93,93,0
S04,P041,Premium,233,47,280,306,26,26,0
S04,P042,Premium,255,51,306,319,13,13,0
S04,P043,Premium,124,25,149,113,-36,0,36
S04,P044,Premium,255,51,306,282,-24,0,24
S04,P045,Premium,254,51,305,262,-43,0,43
S04,P046,Premium,255,51,306,259,-47,0,47
S04,P047,Premium,255,51,306,393,87,87,0
S04,P048,Premium,255,51,306,286,-20,0,20
S04,P049,Premium,261,52,313,387,74,74,0
S04,P050,Premium,255,51,306,330,24,24,0
S04,P051,Premium,256,51,307,361,54,54,0
S04,P052,Premium,255,51,306,306,0,0,0
S04,P053,Flagship,76,15,91,95,4,4,0
S04,P054,Flagship,188,38,226,225,-1,0,1
S04,P055,Flagship,98,20,118,96,-22,0,22
S04,P056,Flagship,187,37,224,254,30,30,0
S04,P057,Flagship,161,32,193,168,-25,0,25
S04,P058,Flagship,187,37,224,160,-64,0,64
S04,P059,Flagship,187,37,224,244,20,20,0
S04,P060,Flagship,187,37,224,181,-43,0,43
S05,P001,Budget,260,52,312,394,82,82,0
S05,P002,Budget,558,112,670,852,182,182,0
S05,P003,Budget,272,54,326,407,81,81,0
S05,P004,Budget,558,112,670,618,-52,0,52
S05,P005,Budget,419,84,503,357,-146,0,146
S05,P006,Budget,558,112,670,842,172,172,0
S05,P007,Budget,558,112,670,641,-29,0,29
S05,P008,Budget,558,112,670,858,188,188,0
S05,P009,Budget,558,112,670,856,186,186,0
S05,P010,Budget,566,113,679,823,144,144,0
S05,P011,Budget,558,112,670,587,-83,0,83
S05,P012,Budget,558,112,670,624,-46,0,46
S05,P013,Budget,558,112,670,811,141,141,0
S05,P014,Budget,558,112,670,596,-74,0,74
S05,P015,Budget,558,112,670,537,-133,0,133
S05,P016,Budget,558,112,670,693,23,23,0
S05,P017,Budget,558,112,670,845,175,175,0
S05,P018,Budget,558,112,670,749,79,79,0
S05,P019,Budget,556,111,667,695,28,28,0
S05,P020,Budget,558,112,670,508,-162,0,162
S05,P021,Mid-range,255,51,306,327,21,21,0
S05,P022,Mid-range,501,100,601,778,177,177,0
S05,P023,Mid-range,253,51,304,238,-66,0,66
S05,P024,Mid-range,499,100,599,606,7,7,0
S05,P025,Mid-range,255,51,306,375,69,69,0
S05,P026,Mid-range,499,100,599,686,87,87,0
S05,P027,Mid-range,500,100,600,671,71,71,0
S05,P028,Mid-range,499,100,599,672,73,73,0
S05,P029,Mid-range,501,100,601,550,-51,0,51
S05,P030,Mid-range,499,100,599,525,-74,0,74
S05,P031,Mid-range,504,101,605,717,112,112,0
S05,P032,Mid-range,500,100,600,712,112,112,0
S05,P033,Mid-range,502,100,602,735,133,133,0
S05,P034,Mid-range,503,101,604,754,150,150,0
S05,P035,Mid-range,501,100,601,605,4,4,0
S05,P036,Mid-range,499,100,599,600,1,1,0
S05,P037,Mid-range,502,100,602,710,108,108,0
S05,P038,Mid-range,499,100,599,653,54,54,0
S05,P039,Mid-range,499,100,599,672,73,73,0
S05,P040,Mid-range,500,100,600,706,106,106,0
S05,P041,Premium,171,34,205,253,48,48,0
S05,P042,Premium,190,38,228,206,-22,0,22
S05,P043,Premium,90,18,108,100,-8,0,8
S05,P044,Premium,191,38,229,173,-56,0,56
S05,P045,Premium,190,38,228,239,11,11,0
S05,P046,Premium,191,38,229,165,-64,0,64
S05,P047,Premium,190,38,228,223,-5,0,5
S05,P048,Premium,190,38,228,234,6,6,0
S05,P049,Premium,191,38,229,200,-29,0,29
S05,P050,Premium,191,38,229,241,12,12,0
S05,P051,Premium,190,38,228,164,-64,0,64
S05,P052,Premium,190,38,228,165,-63,0,63
S05,P053,Flagship,62,12,74,88,14,14,0
S05,P054,Flagship,64,13,77,71,-6,0,6
S05,P055,Flagship,62,12,74,57,-17,0,17
S05,P056,Flagship,64,13,77,78,1,1,0
S05,P057,Flagship,63,13,76,88,12,12,0
S05,P058,Flagship,63,13,76,63,-13,0,13
S05,P059,Flagship,64,13,77,83,6,6,0
S05,P060,Flagship,63,13,76,57,-19,0,19
S06,P001,Budget,187,37,224,164,-60,0,60
S06,P002,Budget,372,74,446,454,8,8,0
S06,P003,Budget,187,37,224,229,5,5,0
S06,P004,Budget,372,74,446,483,37,37,0
S06,P005,Budget,263,53,316,359,43,43,0
S06,P006,Budget,372,74,446,573,127,127,0
S06,P007,Budget,372,74,446,450,4,4,0
S06,P008,Budget,372,74,446,399,-47,0,47
S06,P009,Budget,372,74,446,525,79,79,0
S06,P010,Budget,370,74,444,383,-61,0,61
S06,P011,Budget,372,74,446,430,-16,0,16
S06,P012,Budget,372,74,446,333,-113,0,113
S06,P013,Budget,372,74,446,319,-127,0,127
S06,P014,Budget,372,74,446,570,124,124,0
S06,P015,Budget,372,74,446,536,90,90,0
S06,P016,Budget,372,74,446,498,52,52,0
S06,P017,Budget,372,74,446,422,-24,0,24
S06,P018,Budget,372,74,446,359,-87,0,87
S06,P019,Budget,372,74,446,354,-92,0,92
S06,P020,Budget,372,74,446,379,-67,0,67
S06,P021,Mid-range,187,37,224,231,7,7,0
S06,P022,Mid-range,372,74,446,503,57,57,0
S06,P023,Mid-range,187,37,224,246,22,22,0
S06,P024,Mid-range,373,75,448,389,-59,0,59
S06,P025,Mid-range,186,37,223,284,61,61,0
S06,P026,Mid-range,372,74,446,510,64,64,0
S06,P027,Mid-range,372,74,446,461,15,15,0
S06,P028,Mid-range,372,74,446,476,30,30,0
S06,P029,Mid-range,373,75,448,426,-22,0,22
S06,P030,Mid-range,372,74,446,378,-68,0,68
S06,P031,Mid-range,373,75,448,409,-39,0,39
S06,P032,Mid-range,372,74,446,515,69,69,0
S06,P033,Mid-range,372,74,446,316,-130,0,130
S06,P034,Mid-range,372,74,446,343,-103,0,103
S06,P035,Mid-range,372,74,446,325,-121,0,121
S06,P036,Mid-range,373,75,448,325,-123,0,123
S06,P037,Mid-range,372,74,446,541,95,95,0
S06,P038,Mid-range,372,74,446,500,54,54,0
S06,P039,Mid-range,372,74,446,439,-7,0,7
S06,P040,Mid-range,372,74,446,338,-108,0,108
S06,P041,Premium,244,49,293,292,-1,0,1
S06,P042,Premium,255,51,306,301,-5,0,5
S06,P043,Premium,124,25,149,120,-29,0,29
S06,P044,Premium,255,51,306,294,-12,0,12
S06,P045,Premium,255,51,306,287,-19,0,19
S06,P046,Premium,255,51,306,327,21,21,0
S06,P047,Premium,255,51,306,331,25,25,0
S06,P048,Premium,256,51,307,223,-84,0,84
S06,P049,Premium,255,51,306,283,-23,0,23
S06,P050,Premium,256,51,307,330,23,23,0
S06,P051,Premium,255,51,306,307,1,1,0
S06,P052,Premium,255,51,306,371,65,65,0
S06,P053,Flagship,66,13,79,87,8,8,0
S06,P054,Flagship,187,37,224,179,-45,0,45
S06,P055,Flagship,103,21,124,92,-32,0,32
S06,P056,Flagship,187,37,224,243,19,19,0
S06,P057,Flagship,159,32,191,137,-54,0,54
S06,P058,Flagship,187,37,224,236,12,12,0
S06,P059,Flagship,187,37,224,283,59,59,0
S06,P060,Flagship,187,37,224,234,10,10,0
S07,P001,Budget,257,51,308,287,-21,0,21
S07,P002,Budget,558,112,670,728,58,58,0
S07,P003,Budget,276,55,331,323,-8,0,8
S07,P004,Budget,558,112,670,688,18,18,0
S07,P005,Budget,408,82,490,620,130,130,0
S07,P006,Budget,557,111,668,622,-46,0,46
S07,P007,Budget,558,112,670,855,185,185,0
S07,P008,Budget,558,112,670,833,163,163,0
S07,P009,Budget,558,112,670,548,-122,0,122
S07,P010,Budget,557,111,668,495,-173,0,173
S07,P011,Budget,558,112,670,510,-160,0,160
S07,P012,Budget,558,112,670,476,-194,0,194
S07,P013,Budget,558,112,670,507,-163,0,163
S07,P014,Budget,558,112,670,744,74,74,0
S07,P015,Budget,558,112,670,498,-172,0,172
S07,P016,Budget,558,112,670,597,-73,0,73
S07,P017,Budget,558,112,670,809,139,139,0
S07,P018,Budget,558,112,670,478,-192,0,192
S07,P019,Budget,556,111,667,793,126,126,0
S07,P020,Budget,558,112,670,582,-88,0,88
S07,P021,Mid-range,255,51,306,236,-70,0,70
S07,P022,Mid-range,500,100,600,671,71,71,0
S07,P023,Mid-range,255,51,306,330,24,24,0
S07,P024,Mid-range,499,100,599,735,136,136,0
S07,P025,Mid-range,255,51,306,349,43,43,0
S07,P026,Mid-range,499,100,599,708,109,109,0
S07,P027,Mid-range,499,100,599,521,-78,0,78
S07,P028,Mid-range,499,100,599,483,-116,0,116
S07,P029,Mid-range,504,101,605,696,91,91,0
S07,P030,Mid-range,499,100,599,709,110,110,0
S07,P031,Mid-range,500,100,600,777,177,177,0
S07,P032,Mid-range,499,100,599,568,-31,0,31
S07,P033,Mid-range,502,100,602,556,-46,0,46
S07,P034,Mid-range,498,100,598,697,99,99,0
S07,P035,Mid-range,500,100,600,543,-57,0,57
S07,P036,Mid-range,498,100,598,753,155,155,0
S07,P037,Mid-range,504,101,605,735,130,130,0
S07,P038,Mid-range,499,100,599,573,-26,0,26
S07,P039,Mid-range,500,100,600,690,90,90,0
S07,P040,Mid-range,499,100,599,690,91,91,0
S07,P041,Premium,168,34,202,154,-48,0,48
S07,P042,Premium,190,38,228,283,55,55,0
S07,P043,Premium,73,15,88,88,0,0,0
S07,P044,Premium,191,38,229,274,45,45,0
S07,P045,Premium,190,38,228,203,-25,0,25
S07,P046,Premium,191,38,229,283,54,54,0
S07,P047,Premium,190,38,228,213,-15,0,15
S07,P048,Premium,190,38,228,161,-67,0,67
S07,P049,Premium,191,38,229,285,56,56,0
S07,P050,Premium,191,38,229,173,-56,0,56
S07,P051,Premium,190,38,228,203,-25,0,25
S07,P052,Premium,192,38,230,292,62,62,0
S07,P053,Flagship,62,12,74,94,20,20,0
S07,P054,Flagship,63,13,76,79,3,3,0
S07,P055,Flagship,62,12,74,80,6,6,0
S07,P056,Flagship,66,13,79,77,-2,0,2
S07,P057,Flagship,80,16,96,84,-12,0,12
S07,P058,Flagship,68,14,82,74,-8,0,8
S07,P059,Flagship,68,14,82,90,8,8,0
S07,P060,Flagship,65,13,78,90,12,12,0
S08,P001,Budget,258,52,310,364,54,54,0
S08,P002,Budget,558,112,670,786,116,116,0
S08,P003,Budget,259,52,311,235,-76,0,76
S08,P004,Budget,558,112,670,668,-2,0,2
S08,P005,Budget,413,83,496,364,-132,0,132
S08,P006,Budget,556,111,667,687,20,20,0
S08,P007,Budget,558,112,670,646,-24,0,24
S08,P008,Budget,558,112,670,826,156,156,0
S08,P009,Budget,558,112,670,610,-60,0,60
S08,P010,Budget,558,112,670,516,-154,0,154
S08,P011,Budget,558,112,670,526,-144,0,144
S08,P012,Budget,558,112,670,775,105,105,0
S08,P013,Budget,558,112,670,718,48,48,0
S08,P014,Budget,558,112,670,510,-160,0,160
S08,P015,Budget,558,112,670,503,-167,0,167
S08,P016,Budget,558,112,670,751,81,81,0
S08,P017,Budget,558,112,670,498,-172,0,172
S08,P018,Budget,558,112,670,799,129,129,0
S08,P019,Budget,557,111,668,751,83,83,0
S08,P020,Budget,558,112,670,502,-168,0,168
S08,P021,Mid-range,255,51,306,230,-76,0,76
S08,P022,Mid-range,500,100,600,775,175,175,0
S08,P023,Mid-range,255,51,306,283,-23,0,23
S08,P024,Mid-range,499,100,599,553,-46,0,46
S08,P025,Mid-range,255,51,306,363,57,57,0
S08,P026,Mid-range,499,100,599,760,161,161,0
S08,P027,Mid-range,501,100,601,776,175,175,0
S08,P028,Mid-range,501,100,601,692,91,91,0
S08,P029,Mid-range,499,100,599,555,-44,0,44
S08,P030,Mid-range,499,100,599,449,-150,0,150
S08,P031,Mid-range,499,100,599,699,100,100,0
S08,P032,Mid-range,499,100,599,620,21,21,0
S08,P033,Mid-range,501,100,601,574,-27,0,27
S08,P034,Mid-range,500,100,600,746,146,146,0
S08,P035,Mid-range,500,100,600,460,-140,0,140
S08,P036,Mid-range,499,100,599,596,-3,0,3
S08,P037,Mid-range,501,100,601,425,-176,0,176
S08,P038,Mid-range,499,100,599,588,-11,0,11
S08,P039,Mid-range,498,100,598,439,-159,0,159
S08,P040,Mid-range,499,100,599,462,-137,0,137
S08,P041,Premium,165,33,198,153,-45,0,45
S08,P042,Premium,190,38,228,248,20,20,0
S08,P043,Premium,104,21,125,143,18,18,0
S08,P044,Premium,190,38,228,239,11,11,0
S08,P045,Premium,190,38,228,291,63,63,0
S08,P046,Premium,191,38,229,212,-17,0,17
S08,P047,Premium,190,38,228,199,-29,0,29
S08,P048,Premium,190,38,228,278,50,50,0
S08,P049,Premium,191,38,229,191,-38,0,38
S08,P050,Premium,190,38,228,291,63,63,0
S08,P051,Premium,190,38,228,161,-67,0,67
S08,P052,Premium,190,38,228,292,64,64,0
S08,P053,Flagship,62,12,74,54,-20,0,20
S08,P054,Flagship,64,13,77,95,18,18,0
S08,P055,Flagship,62,12,74,75,1,1,0
S08,P056,Flagship,64,13,77,100,23,23,0
S08,P057,Flagship,63,13,76,57,-19,0,19
S08,P058,Flagship,63,13,76,78,2,2,0
S08,P059,Flagship,63,13,76,97,21,21,0
S08,P060,Flagship,63,13,76,77,1,1,0
S09,P001,Budget,260,52,312,336,24,24,0
S09,P002,Budget,558,112,670,749,79,79,0
S09,P003,Budget,279,56,335,326,-9,0,9
S09,P004,Budget,558,112,670,721,51,51,0
S09,P005,Budget,412,82,494,519,25,25,0
S09,P006,Budget,557,111,668,829,161,161,0
S09,P007,Budget,558,112,670,487,-183,0,183
S09,P008,Budget,558,112,670,582,-88,0,88
S09,P009,Budget,558,112,670,851,181,181,0
S09,P010,Budget,558,112,670,827,157,157,0
S09,P011,Budget,558,112,670,652,-18,0,18
S09,P012,Budget,558,112,670,718,48,48,0
S09,P013,Budget,558,112,670,581,-89,0,89
S09,P014,Budget,558,112,670,545,-125,0,125
S09,P015,Budget,558,112,670,655,-15,0,15
S09,P016,Budget,558,112,670,611,-59,0,59
S09,P017,Budget,558,112,670,704,34,34,0
S09,P018,Budget,558,112,670,500,-170,0,170
S09,P019,Budget,557,111,668,858,190,190,0
S09,P020,Budget,558,112,670,865,195,195,0
S09,P021,Mid-range,255,51,306,342,36,36,0
S09,P022,Mid-range,500,100,600,613,13,13,0
S09,P023,Mid-range,255,51,306,271,-35,0,35
S09,P024,Mid-range,499,100,599,712,113,113,0
S09,P025,Mid-range,255,51,306,340,34,34,0
S09,P026,Mid-range,499,100,599,478,-121,0,121
S09,P027,Mid-range,500,100,600,748,148,148,0
S09,P028,Mid-range,500,100,600,716,116,116,0
S09,P029,Mid-range,500,100,600,762,162,162,0
S09,P030,Mid-range,500,100,600,681,81,81,0
S09,P031,Mid-range,503,101,604,645,41,41,0
S09,P032,Mid-range,500,100,600,571,-29,0,29
S09,P033,Mid-range,502,100,602,758,156,156,0
S09,P034,Mid-range,500,100,600,732,132,132,0
S09,P035,Mid-range,501,100,601,437,-164,0,164
S09,P036,Mid-range,498,100,598,428,-170,0,170
S09,P037,Mid-range,501,100,601,556,-45,0,45
S09,P038,Mid-range,499,100,599,711,112,112,0
S09,P039,Mid-range,499,100,599,774,175,175,0
S09,P040,Mid-range,499,100,599,473,-126,0,126
S09,P041,Premium,169,34,203,214,11,11,0
S09,P042,Premium,190,38,228,212,-16,0,16
S09,P043,Premium,91,18,109,140,31,31,0
S09,P044,Premium,190,38,228,275,47,47,0
S09,P045,Premium,190,38,228,274,46,46,0
S09,P046,Premium,191,38,229,225,-4,0,4
S09,P047,Premium,190,38,228,216,-12,0,12
S09,P048,Premium,190,38,228,197,-31,0,31
S09,P049,Premium,191,38,229,168,-61,0,61
S09,P050,Premium,191,38,229,279,50,50,0
S09,P051,Premium,190,38,228,271,43,43,0
S09,P052,Premium,190,38,228,296,68,68,0
S09,P053,Flagship,62,12,74,96,22,22,0
S09,P054,Flagship,62,12,74,76,2,2,0
S09,P055,Flagship,62,12,74,86,12,12,0
S09,P056,Flagship,63,13,76,96,20,20,0
S09,P057,Flagship,63,13,76,92,16,16,0
S09,P058,Flagship,63,13,76,64,-12,0,12
S09,P059,Flagship,64,13,77,75,-2,0,2
S09,P060,Flagship,63,13,76,59,-17,0,17
S10,P001,Budget,259,52,311,396,85,85,0
S10,P002,Budget,558,112,670,713,43,43,0
S10,P003,Budget,259,52,311,260,-51,0,51
S10,P004,Budget,558,112,670,739,69,69,0
S10,P005,Budget,412,82,494,529,35,35,0
S10,P006,Budget,556,111,667,610,-57,0,57
S10,P007,Budget,558,112,670,515,-155,0,155
S10,P008,Budget,558,112,670,739,69,69,0
S10,P009,Budget,558,112,670,678,8,8,0
S10,P010,Budget,558,112,670,779,109,109,0
S10,P011,Budget,558,112,670,678,8,8,0
S10,P012,Budget,558,112,670,812,142,142,0
S10,P013,Budget,557,111,668,689,21,21,0
S10,P014,Budget,558,112,670,694,24,24,0
S10,P015,Budget,558,112,670,821,151,151,0
S10,P016,Budget,558,112,670,631,-39,0,39
S10,P017,Budget,558,112,670,523,-147,0,147
S10,P018,Budget,557,111,668,479,-189,0,189
S10,P019,Budget,558,112,670,773,103,103,0
S10,P020,Budget,558,112,670,718,48,48,0
S10,P021,Mid-range,255,51,306,343,37,37,0
S10,P022,Mid-range,500,100,600,497,-103,0,103
S10,P023,Mid-range,255,51,306,239,-67,0,67
S10,P024,Mid-range,500,100,600,425,-175,0,175
S10,P025,Mid-range,255,51,306,279,-27,0,27
S10,P026,Mid-range,499,100,599,631,32,32,0
S10,P027,Mid-range,499,100,599,560,-39,0,39
S10,P028,Mid-range,500,100,600,577,-23,0,23
S10,P029,Mid-range,500,100,600,745,145,145,0
S10,P030,Mid-range,499,100,599,544,-55,0,55
S10,P031,Mid-range,500,100,600,605,5,5,0
S10,P032,Mid-range,499,100,599,701,102,102,0
S10,P033,Mid-range,501,100,601,564,-37,0,37
S10,P034,Mid-range,499,100,599,643,44,44,0
S10,P035,Mid-range,501,100,601,732,131,131,0
S10,P036,Mid-range,499,100,599,761,162,162,0
S10,P037,Mid-range,503,101,604,476,-128,0,128
S10,P038,Mid-range,499,100,599,752,153,153,0
S10,P039,Mid-range,499,100,599,596,-3,0,3
S10,P040,Mid-range,499,100,599,512,-87,0,87
S10,P041,Premium,170,34,204,199,-5,0,5
S10,P042,Premium,190,38,228,294,66,66,0
S10,P043,Premium,77,15,92,92,0,0,0
S10,P044,Premium,191,38,229,205,-24,0,24
S10,P045,Premium,190,38,228,246,18,18,0
S10,P046,Premium,191,38,229,193,-36,0,36
S10,P047,Premium,190,38,228,170,-58,0,58
S10,P048,Premium,190,38,228,177,-51,0,51
S10,P049,Premium,191,38,229,178,-51,0,51
S10,P050,Premium,190,38,228,180,-48,0,48
S10,P051,Premium,190,38,228,179,-49,0,49
S10,P052,Premium,190,38,228,247,19,19,0
S10,P053,Flagship,62,12,74,60,-14,0,14
S10,P054,Flagship,63,13,76,69,-7,0,7
S10,P055,Flagship,62,12,74,92,18,18,0
S10,P056,Flagship,63,13,76,75,-1,0,1
S10,P057,Flagship,62,12,74,81,7,7,0
S10,P058,Flagship,64,13,77,62,-15,0,15
S10,P059,Flagship,63,13,76,62,-14,0,14
S10,P060,Flagship,63,13,76,55,-21,0,21
S11,P001,Budget,385,77,462,370,-92,0,92
S11,P002,Budget,753,151,904,784,-120,0,120
S11,P003,Budget,372,74,446,360,-86,0,86
S11,P004,Budget,754,151,905,682,-223,0,223
S11,P005,Budget,525,105,630,487,-143,0,143
S11,P006,Budget,754,151,905,884,-21,0,21
S11,P007,Budget,754,151,905,746,-159,0,159
S11,P008,Budget,754,151,905,831,-74,0,74
S11,P009,Budget,754,151,905,907,2,2,0
S11,P010,Budget,753,151,904,1007,103,103,0
S11,P011,Budget,754,151,905,655,-250,0,250
S11,P012,Budget,754,151,905,1068,163,163,0
S11,P013,Budget,753,151,904,973,69,69,0
S11,P014,Budget,754,151,905,678,-227,0,227
S11,P015,Budget,753,151,904,1107,203,203,0
S11,P016,Budget,754,151,905,1134,229,229,0
S11,P017,Budget,754,151,905,667,-238,0,238
S11,P018,Budget,754,151,905,784,-121,0,121
S11,P019,Budget,753,151,904,1070,166,166,0
S11,P020,Budget,754,151,905,1040,135,135,0
S11,P021,Mid-range,187,37,224,182,-42,0,42
S11,P022,Mid-range,431,86,517,427,-90,0,90
S11,P023,Mid-range,187,37,224,207,-17,0,17
S11,P024,Mid-range,433,87,520,515,-5,0,5
S11,P025,Mid-range,188,38,226,242,16,16,0
S11,P026,Mid-range,433,87,520,479,-41,0,41
S11,P027,Mid-range,423,85,508,497,-11,0,11
S11,P028,Mid-range,433,87,520,597,77,77,0
S11,P029,Mid-range,433,87,520,375,-145,0,145
S11,P030,Mid-range,434,87,521,444,-77,0,77
S11,P031,Mid-range,433,87,520,587,67,67,0
S11,P032,Mid-range,427,85,512,633,121,121,0
S11,P033,Mid-range,432,86,518,522,4,4,0
S11,P034,Mid-range,432,86,518,528,10,10,0
S11,P035,Mid-range,419,84,503,384,-119,0,119
S11,P036,Mid-range,433,87,520,504,-16,0,16
S11,P037,Mid-range,434,87,521,531,10,10,0
S11,P038,Mid-range,429,86,515,435,-80,0,80
S11,P039,Mid-range,434,87,521,449,-72,0,72
S11,P040,Mid-range,434,87,521,483,-38,0,38
S11,P041,Premium,110,22,132,94,-38,0,38
S11,P042,Premium,124,25,149,133,-16,0,16
S11,P043,Premium,62,12,74,61,-13,0,13
S11,P044,Premium,124,25,149,134,-15,0,15
S11,P045,Premium,124,25,149,115,-34,0,34
S11,P046,Premium,124,25,149,184,35,35,0
S11,P047,Premium,124,25,149,157,8,8,0
S11,P048,Premium,124,25,149,165,16,16,0
S11,P049,Premium,125,25,150,176,26,26,0
S11,P050,Premium,124,25,149,149,0,0,0
S11,P051,Premium,124,25,149,112,-37,0,37
S11,P052,Premium,124,25,149,152,3,3,0
S11,P053,Flagship,49,10,59,62,3,3,0
S11,P054,Flagship,62,12,74,85,11,11,0
S11,P055,Flagship,42,8,50,48,-2,0,2
S11,P056,Flagship,62,12,74,57,-17,0,17
S11,P057,Flagship,51,10,61,53,-8,0,8
S11,P058,Flagship,62,12,74,68,-6,0,6
S11,P059,Flagship,62,12,74,80,6,6,0
S11,P060,Flagship,62,12,74,77,3,3,0
S12,P001,Budget,372,74,446,407,-39,0,39
S12,P002,Budget,754,151,905,1169,264,264,0
S12,P003,Budget,373,75,448,476,28,28,0
S12,P004,Budget,753,151,904,761,-143,0,143
S12,P005,Budget,510,102,612,466,-146,0,146
S12,P006,Budget,753,151,904,716,-188,0,188
S12,P007,Budget,753,151,904,766,-138,0,138
S12,P008,Budget,753,151,904,720,-184,0,184
S12,P009,Budget,753,151,904,734,-170,0,170
S12,P010,Budget,754,151,905,788,-117,0,117
S12,P011,Budget,753,151,904,727,-177,0,177
S12,P012,Budget,753,151,904,1119,215,215,0
S12,P013,Budget,754,151,905,677,-228,0,228
S12,P014,Budget,754,151,905,918,13,13,0
S12,P015,Budget,753,151,904,855,-49,0,49
S12,P016,Budget,754,151,905,1167,262,262,0
S12,P017,Budget,754,151,905,694,-211,0,211
S12,P018,Budget,754,151,905,850,-55,0,55
S12,P019,Budget,753,151,904,1159,255,255,0
S12,P020,Budget,754,151,905,1103,198,198,0
S12,P021,Mid-range,187,37,224,267,43,43,0
S12,P022,Mid-range,432,86,518,443,-75,0,75
S12,P023,Mid-range,189,38,227,182,-45,0,45
S12,P024,Mid-range,434,87,521,574,53,53,0
S12,P025,Mid-range,194,39,233,293,60,60,0
S12,P026,Mid-range,430,86,516,534,18,18,0
S12,P027,Mid-range,434,87,521,543,22,22,0
S12,P028,Mid-range,432,86,518,450,-68,0,68
S12,P029,Mid-range,433,87,520,604,84,84,0
S12,P030,Mid-range,431,86,517,420,-97,0,97
S12,P031,Mid-range,434,87,521,466,-55,0,55
S12,P032,Mid-range,433,87,520,497,-23,0,23
S12,P033,Mid-range,434,87,521,523,2,2,0
S12,P034,Mid-range,431,86,517,437,-80,0,80
S12,P035,Mid-range,431,86,517,398,-119,0,119
S12,P036,Mid-range,428,86,514,548,34,34,0
S12,P037,Mid-range,434,87,521,455,-66,0,66
S12,P038,Mid-range,434,87,521,546,25,25,0
S12,P039,Mid-range,430,86,516,409,-107,0,107
S12,P040,Mid-range,428,86,514,508,-6,0,6
S12,P041,Premium,112,22,134,137,3,3,0
S12,P042,Premium,124,25,149,109,-40,0,40
S12,P043,Premium,62,12,74,67,-7,0,7
S12,P044,Premium,124,25,149,116,-33,0,33
S12,P045,Premium,124,25,149,110,-39,0,39
S12,P046,Premium,124,25,149,193,44,44,0
S12,P047,Premium,124,25,149,133,-16,0,16
S12,P048,Premium,124,25,149,177,28,28,0
S12,P049,Premium,124,25,149,127,-22,0,22
S12,P050,Premium,124,25,149,165,16,16,0
S12,P051,Premium,124,25,149,172,23,23,0
S12,P052,Premium,124,25,149,158,9,9,0
S12,P053,Flagship,60,12,72,71,-1,0,1
S12,P054,Flagship,62,12,74,70,-4,0,4
S12,P055,Flagship,47,9,56,51,-5,0,5
S12,P056,Flagship,62,12,74,93,19,19,0
S12,P057,Flagship,58,12,70,84,14,14,0
S12,P058,Flagship,62,12,74,95,21,21,0
S12,P059,Flagship,62,12,74,57,-17,0,17
S12,P060,Flagship,62,12,74,84,10,10,0
S13,P001,Budget,257,51,308,389,81,81,0
S13,P002,Budget,558,112,670,542,-128,0,128
S13,P003,Budget,285,57,342,253,-89,0,89
S13,P004,Budget,558,112,670,767,97,97,0
S13,P005,Budget,414,83,497,519,22,22,0
S13,P006,Budget,555,111,666,803,137,137,0
S13,P007,Budget,558,112,670,525,-145,0,145
S13,P008,Budget,558,112,670,789,119,119,0
S13,P009,Budget,558,112,670,550,-120,0,120
S13,P010,Budget,558,112,670,535,-135,0,135
S13,P011,Budget,558,112,670,535,-135,0,135
S13,P012,Budget,558,112,670,796,126,126,0
S13,P013,Budget,557,111,668,734,66,66,0
S13,P014,Budget,558,112,670,679,9,9,0
S13,P015,Budget,558,112,670,613,-57,0,57
S13,P016,Budget,558,112,670,822,152,152,0
S13,P017,Budget,558,112,670,627,-43,0,43
S13,P018,Budget,558,112,670,797,127,127,0
S13,P019,Budget,558,112,670,646,-24,0,24
S13,P020,Budget,558,112,670,621,-49,0,49
S13,P021,Mid-range,255,51,306,299,-7,0,7
S13,P022,Mid-range,500,100,600,528,-72,0,72
S13,P023,Mid-range,255,51,306,351,45,45,0
S13,P024,Mid-range,501,100,601,602,1,1,0
S13,P025,Mid-range,255,51,306,257,-49,0,49
S13,P026,Mid-range,499,100,599,743,144,144,0
S13,P027,Mid-range,501,100,601,559,-42,0,42
S13,P028,Mid-range,501,100,601,617,16,16,0
S13,P029,Mid-range,500,100,600,746,146,146,0
S13,P030,Mid-range,502,100,602,647,45,45,0
S13,P031,Mid-range,504,101,605,466,-139,0,139
S13,P032,Mid-range,499,100,599,757,158,158,0
S13,P033,Mid-range,498,100,598,644,46,46,0
S13,P034,Mid-range,499,100,599,540,-59,0,59
S13,P035,Mid-range,500,100,600,470,-130,0,130
S13,P036,Mid-range,499,100,599,705,106,106,0
S13,P037,Mid-range,504,101,605,649,44,44,0
S13,P038,Mid-range,500,100,600,612,12,12,0
S13,P039,Mid-range,501,100,601,743,142,142,0
S13,P040,Mid-range,501,100,601,705,104,104,0
S13,P041,Premium,172,34,206,163,-43,0,43
S13,P042,Premium,190,38,228,202,-26,0,26
S13,P043,Premium,87,17,104,88,-16,0,16
S13,P044,Premium,190,38,228,261,33,33,0
S13,P045,Premium,190,38,228,164,-64,0,64
S13,P046,Premium,191,38,229,239,10,10,0
S13,P047,Premium,190,38,228,264,36,36,0
S13,P048,Premium,190,38,228,280,52,52,0
S13,P049,Premium,191,38,229,207,-22,0,22
S13,P050,Premium,190,38,228,272,44,44,0
S13,P051,Premium,190,38,228,175,-53,0,53
S13,P052,Premium,188,38,226,273,47,47,0
S13,P053,Flagship,62,12,74,57,-17,0,17
S13,P054,Flagship,64,13,77,72,-5,0,5
S13,P055,Flagship,62,12,74,87,13,13,0
S13,P056,Flagship,63,13,76,60,-16,0,16
S13,P057,Flagship,65,13,78,65,-13,0,13
S13,P058,Flagship,63,13,76,86,10,10,0
S13,P059,Flagship,62,12,74,84,10,10,0
S13,P060,Flagship,64,13,77,84,7,7,0
S14,P001,Budget,397,79,476,531,55,55,0
S14,P002,Budget,753,151,904,927,23,23,0
S14,P003,Budget,372,74,446,380,-66,0,66
S14,P004,Budget,753,151,904,820,-84,0,84
S14,P005,Budget,532,106,638,516,-122,0,122
S14,P006,Budget,753,151,904,1126,222,222,0
S14,P007,Budget,754,151,905,950,45,45,0
S14,P008,Budget,752,150,902,848,-54,0,54
S14,P009,Budget,753,151,904,883,-21,0,21
S14,P010,Budget,754,151,905,1148,243,243,0
S14,P011,Budget,754,151,905,717,-188,0,188
S14,P012,Budget,754,151,905,952,47,47,0
S14,P013,Budget,754,151,905,908,3,3,0
S14,P014,Budget,754,151,905,966,61,61,0
S14,P015,Budget,754,151,905,643,-262,0,262
S14,P016,Budget,754,151,905,1107,202,202,0
S14,P017,Budget,754,151,905,1140,235,235,0
S14,P018,Budget,754,151,905,940,35,35,0
S14,P019,Budget,754,151,905,1012,107,107,0
S14,P020,Budget,754,151,905,1134,229,229,0
S14,P021,Mid-range,191,38,229,257,28,28,0
S14,P022,Mid-range,434,87,521,412,-109,0,109
S14,P023,Mid-range,191,38,229,239,10,10,0
S14,P024,Mid-range,433,87,520,553,33,33,0
S14,P025,Mid-range,191,38,229,219,-10,0,10
S14,P026,Mid-range,430,86,516,589,73,73,0
S14,P027,Mid-range,431,86,517,652,135,135,0
S14,P028,Mid-range,429,86,515,647,132,132,0
S14,P029,Mid-range,433,87,520,505,-15,0,15
S14,P030,Mid-range,434,87,521,400,-121,0,121
S14,P031,Mid-range,433,87,520,671,151,151,0
S14,P032,Mid-range,425,85,510,614,104,104,0
S14,P033,Mid-range,432,86,518,401,-117,0,117
S14,P034,Mid-range,434,87,521,653,132,132,0
S14,P035,Mid-range,426,85,511,624,113,113,0
S14,P036,Mid-range,434,87,521,527,6,6,0
S14,P037,Mid-range,434,87,521,550,29,29,0
S14,P038,Mid-range,434,87,521,489,-32,0,32
S14,P039,Mid-range,434,87,521,382,-139,0,139
S14,P040,Mid-range,430,86,516,465,-51,0,51
S14,P041,Premium,110,22,132,156,24,24,0
S14,P042,Premium,124,25,149,105,-44,0,44
S14,P043,Premium,62,12,74,67,-7,0,7
S14,P044,Premium,124,25,149,140,-9,0,9
S14,P045,Premium,124,25,149,152,3,3,0
S14,P046,Premium,124,25,149,187,38,38,0
S14,P047,Premium,124,25,149,135,-14,0,14
S14,P048,Premium,124,25,149,135,-14,0,14
S14,P049,Premium,124,25,149,170,21,21,0
S14,P050,Premium,124,25,149,145,-4,0,4
S14,P051,Premium,124,25,149,124,-25,0,25
S14,P052,Premium,124,25,149,145,-4,0,4
S14,P053,Flagship,45,9,54,42,-12,0,12
S14,P054,Flagship,62,12,74,60,-14,0,14
S14,P055,Flagship,39,8,47,47,0,0,0
S14,P056,Flagship,62,12,74,70,-4,0,4
S14,P057,Flagship,50,10,60,75,15,15,0
S14,P058,Flagship,62,12,74,68,-6,0,6
S14,P059,Flagship,62,12,74,78,4,4,0
S14,P060,Flagship,62,12,74,80,6,6,0
S15,P001,Budget,260,52,312,221,-91,0,91
S15,P002,Budget,558,112,670,736,66,66,0
S15,P003,Budget,271,54,325,262,-63,0,63
S15,P004,Budget,558,112,670,855,185,185,0
S15,P005,Budget,408,82,490,387,-103,0,103
S15,P006,Budget,557,111,668,634,-34,0,34
S15,P007,Budget,558,112,670,503,-167,0,167
S15,P008,Budget,558,112,670,870,200,200,0
S15,P009,Budget,558,112,670,671,1,1,0
S15,P010,Budget,557,111,668,706,38,38,0
S15,P011,Budget,558,112,670,496,-174,0,174
S15,P012,Budget,558,112,670,770,100,100,0
S15,P013,Budget,558,112,670,553,-117,0,117
S15,P014,Budget,558,112,670,830,160,160,0
S15,P015,Budget,558,112,670,551,-119,0,119
S15,P016,Budget,558,112,670,546,-124,0,124
S15,P017,Budget,558,112,670,484,-186,0,186
S15,P018,Budget,558,112,670,659,-11,0,11
S15,P019,Budget,555,111,666,692,26,26,0
S15,P020,Budget,558,112,670,495,-175,0,175
S15,P021,Mid-range,255,51,306,357,51,51,0
S15,P022,Mid-range,500,100,600,583,-17,0,17
S15,P023,Mid-range,255,51,306,310,4,4,0
S15,P024,Mid-range,499,100,599,578,-21,0,21
S15,P025,Mid-range,255,51,306,288,-18,0,18
S15,P026,Mid-range,500,100,600,621,21,21,0
S15,P027,Mid-range,500,100,600,476,-124,0,124
S15,P028,Mid-range,501,100,601,486,-115,0,115
S15,P029,Mid-range,502,100,602,733,131,131,0
S15,P030,Mid-range,501,100,601,762,161,161,0
S15,P031,Mid-range,502,100,602,556,-46,0,46
S15,P032,Mid-range,499,100,599,517,-82,0,82
S15,P033,Mid-range,501,100,601,653,52,52,0
S15,P034,Mid-range,500,100,600,567,-33,0,33
S15,P035,Mid-range,500,100,600,429,-171,0,171
S15,P036,Mid-range,499,100,599,475,-124,0,124
S15,P037,Mid-range,503,101,604,682,78,78,0
S15,P038,Mid-range,503,101,604,662,58,58,0
S15,P039,Mid-range,499,100,599,429,-170,0,170
S15,P040,Mid-range,499,100,599,499,-100,0,100
S15,P041,Premium,167,33,200,168,-32,0,32
S15,P042,Premium,190,38,228,252,24,24,0
S15,P043,Premium,75,15,90,64,-26,0,26
S15,P044,Premium,191,38,229,175,-54,0,54
S15,P045,Premium,190,38,228,269,41,41,0
S15,P046,Premium,191,38,229,185,-44,0,44
S15,P047,Premium,190,38,228,249,21,21,0
S15,P048,Premium,190,38,228,192,-36,0,36
S15,P049,Premium,191,38,229,174,-55,0,55
S15,P050,Premium,191,38,229,194,-35,0,35
S15,P051,Premium,190,38,228,258,30,30,0
S15,P052,Premium,190,38,228,277,49,49,0
S15,P053,Flagship,62,12,74,89,15,15,0
S15,P054,Flagship,63,13,76,71,-5,0,5
S15,P055,Flagship,62,12,74,81,7,7,0
S15,P056,Flagship,65,13,78,64,-14,0,14
S15,P057,Flagship,63,13,76,67,-9,0,9
S15,P058,Flagship,63,13,76,94,18,18,0
S15,P059,Flagship,67,13,80,57,-23,0,23
S15,P060,Flagship,63,13,76,57,-19,0,19
S16,P001,Budget,372,74,446,368,-78,0,78
S16,P002,Budget,755,151,906,649,-257,0,257
S16,P003,Budget,374,75,449,363,-86,0,86
S16,P004,Budget,755,151,906,951,45,45,0
S16,P005,Budget,523,105,628,598,-30,0,30
S16,P006,Budget,755,151,906,1119,213,213,0
S16,P007,Budget,755,151,906,1079,173,173,0
S16,P008,Budget,754,151,905,819,-86,0,86
S16,P009,Budget,754,151,905,774,-131,0,131
S16,P010,Budget,755,151,906,841,-65,0,65
S16,P011,Budget,755,151,906,955,49,49,0
S16,P012,Budget,755,151,906,780,-126,0,126
S16,P013,Budget,755,151,906,973,67,67,0
S16,P014,Budget,755,151,906,857,-49,0,49
S16,P015,Budget,755,151,906,934,28,28,0
S16,P016,Budget,755,151,906,871,-35,0,35
S16,P017,Budget,755,151,906,794,-112,0,112
S16,P018,Budget,755,151,906,1150,244,244,0
S16,P019,Budget,755,151,906,1049,143,143,0
S16,P020,Budget,755,151,906,710,-196,0,196
S16,P021,Mid-range,190,38,228,278,50,50,0
S16,P022,Mid-range,433,87,520,516,-4,0,4
S16,P023,Mid-range,187,37,224,277,53,53,0
S16,P024,Mid-range,432,86,518,611,93,93,0
S16,P025,Mid-range,187,37,224,214,-10,0,10
S16,P026,Mid-range,434,87,521,372,-149,0,149
S16,P027,Mid-range,435,87,522,450,-72,0,72
S16,P028,Mid-range,434,87,521,534,13,13,0
S16,P029,Mid-range,435,87,522,564,42,42,0
S16,P030,Mid-range,434,87,521,445,-76,0,76
S16,P031,Mid-range,432,86,518,406,-112,0,112
S16,P032,Mid-range,434,87,521,626,105,105,0
S16,P033,Mid-range,431,86,517,667,150,150,0
S16,P034,Mid-range,434,87,521,529,8,8,0
S16,P035,Mid-range,434,87,521,418,-103,0,103
S16,P036,Mid-range,434,87,521,450,-71,0,71
S16,P037,Mid-range,435,87,522,371,-151,0,151
S16,P038,Mid-range,434,87,521,651,130,130,0
S16,P039,Mid-range,434,87,521,402,-119,0,119
S16,P040,Mid-range,431,86,517,541,24,24,0
S16,P041,Premium,110,22,132,114,-18,0,18
S16,P042,Premium,124,25,149,154,5,5,0
S16,P043,Premium,62,12,74,81,7,7,0
S16,P044,Premium,124,25,149,178,29,29,0
S16,P045,Premium,124,25,149,123,-26,0,26
S16,P046,Premium,124,25,149,105,-44,0,44
S16,P047,Premium,124,25,149,117,-32,0,32
S16,P048,Premium,124,25,149,185,36,36,0
S16,P049,Premium,124,25,149,182,33,33,0
S16,P050,Premium,124,25,149,158,9,9,0
S16,P051,Premium,124,25,149,158,9,9,0
S16,P052,Premium,124,25,149,164,15,15,0
S16,P053,Flagship,44,9,53,43,-10,0,10
S16,P054,Flagship,62,12,74,92,18,18,0
S16,P055,Flagship,53,11,64,61,-3,0,3
S16,P056,Flagship,62,12,74,69,-5,0,5
S16,P057,Flagship,59,12,71,72,1,1,0
S16,P058,Flagship,62,12,74,54,-20,0,20
S16,P059,Flagship,62,12,74,59,-15,0,15
S16,P060,Flagship,62,12,74,85,11,11,0
S17,P001,Budget,385,77,462,346,-116,0,116
S17,P002,Budget,754,151,905,961,56,56,0
S17,P003,Budget,372,74,446,378,-68,0,68
S17,P004,Budget,754,151,905,845,-60,0,60
S17,P005,Budget,527,105,632,552,-80,0,80
S17,P006,Budget,754,151,905,827,-78,0,78
S17,P007,Budget,754,151,905,1024,119,119,0
S17,P008,Budget,754,151,905,795,-110,0,110
S17,P009,Budget,754,151,905,941,36,36,0
S17,P010,Budget,754,151,905,892,-13,0,13
S17,P011,Budget,754,151,905,994,89,89,0
S17,P012,Budget,754,151,905,1142,237,237,0
S17,P013,Budget,754,151,905,1031,126,126,0
S17,P014,Budget,755,151,906,751,-155,0,155
S17,P015,Budget,754,151,905,650,-255,0,255
S17,P016,Budget,754,151,905,776,-129,0,129
S17,P017,Budget,754,151,905,957,52,52,0
S17,P018,Budget,755,151,906,662,-244,0,244
S17,P019,Budget,754,151,905,903,-2,0,2
S17,P020,Budget,754,151,905,958,53,53,0
S17,P021,Mid-range,189,38,227,204,-23,0,23
S17,P022,Mid-range,433,87,520,605,85,85,0
S17,P023,Mid-range,191,38,229,175,-54,0,54
S17,P024,Mid-range,431,86,517,385,-132,0,132
S17,P025,Mid-range,187,37,224,255,31,31,0
S17,P026,Mid-range,434,87,521,520,-1,0,1
S17,P027,Mid-range,433,87,520,579,59,59,0
S17,P028,Mid-range,435,87,522,502,-20,0,20
S17,P029,Mid-range,434,87,521,442,-79,0,79
S17,P030,Mid-range,434,87,521,621,100,100,0
S17,P031,Mid-range,432,86,518,611,93,93,0
S17,P032,Mid-range,427,85,512,572,60,60,0
S17,P033,Mid-range,434,87,521,450,-71,0,71
S17,P034,Mid-range,429,86,515,543,28,28,0
S17,P035,Mid-range,432,86,518,475,-43,0,43
S17,P036,Mid-range,434,87,521,393,-128,0,128
S17,P037,Mid-range,429,86,515,644,129,129,0
S17,P038,Mid-range,434,87,521,407,-114,0,114
S17,P039,Mid-range,431,86,517,657,140,140,0
S17,P040,Mid-range,433,87,520,503,-17,0,17
S17,P041,Premium,113,23,136,110,-26,0,26
S17,P042,Premium,124,25,149,153,4,4,0
S17,P043,Premium,62,12,74,91,17,17,0
S17,P044,Premium,124,25,149,170,21,21,0
S17,P045,Premium,124,25,149,176,27,27,0
S17,P046,Premium,124,25,149,163,14,14,0
S17,P047,Premium,124,25,149,166,17,17,0
S17,P048,Premium,124,25,149,180,31,31,0
S17,P049,Premium,124,25,149,127,-22,0,22
S17,P050,Premium,124,25,149,148,-1,0,1
S17,P051,Premium,124,25,149,124,-25,0,25
S17,P052,Premium,124,25,149,193,44,44,0
S17,P053,Flagship,56,11,67,85,18,18,0
S17,P054,Flagship,62,12,74,54,-20,0,20
S17,P055,Flagship,51,10,61,69,8,8,0
S17,P056,Flagship,62,12,74,93,19,19,0
S17,P057,Flagship,53,11,64,52,-12,0,12
S17,P058,Flagship,62,12,74,77,3,3,0
S17,P059,Flagship,62,12,74,92,18,18,0
S17,P060,Flagship,62,12,74,53,-21,0,21
S18,P001,Budget,374,75,449,502,53,53,0
S18,P002,Budget,754,151,905,795,-110,0,110
S18,P003,Budget,375,75,450,565,115,115,0
S18,P004,Budget,753,151,904,1160,256,256,0
S18,P005,Budget,519,104,623,789,166,166,0
S18,P006,Budget,753,151,904,890,-14,0,14
S18,P007,Budget,754,151,905,1102,197,197,0
S18,P008,Budget,753,151,904,1091,187,187,0
S18,P009,Budget,753,151,904,806,-98,0,98
S18,P010,Budget,753,151,904,1082,178,178,0
S18,P011,Budget,754,151,905,654,-251,0,251
S18,P012,Budget,754,151,905,957,52,52,0
S18,P013,Budget,753,151,904,758,-146,0,146
S18,P014,Budget,752,150,902,697,-205,0,205
S18,P015,Budget,753,151,904,675,-229,0,229
S18,P016,Budget,754,151,905,1012,107,107,0
S18,P017,Budget,754,151,905,818,-87,0,87
S18,P018,Budget,753,151,904,1026,122,122,0
S18,P019,Budget,753,151,904,668,-236,0,236
S18,P020,Budget,754,151,905,805,-100,0,100
S18,P021,Mid-range,188,38,226,231,5,5,0
S18,P022,Mid-range,432,86,518,608,90,90,0
S18,P023,Mid-range,188,38,226,201,-25,0,25
S18,P024,Mid-range,434,87,521,560,39,39,0
S18,P025,Mid-range,187,37,224,276,52,52,0
S18,P026,Mid-range,433,87,520,556,36,36,0
S18,P027,Mid-range,432,86,518,435,-83,0,83
S18,P028,Mid-range,434,87,521,372,-149,0,149
S18,P029,Mid-range,433,87,520,635,115,115,0
S18,P030,Mid-range,430,86,516,368,-148,0,148
S18,P031,Mid-range,434,87,521,638,117,117,0
S18,P032,Mid-range,429,86,515,524,9,9,0
S18,P033,Mid-range,432,86,518,654,136,136,0
S18,P034,Mid-range,431,86,517,610,93,93,0
S18,P035,Mid-range,434,87,521,677,156,156,0
S18,P036,Mid-range,432,86,518,472,-46,0,46
S18,P037,Mid-range,428,86,514,596,82,82,0
S18,P038,Mid-range,427,85,512,482,-30,0,30
S18,P039,Mid-range,434,87,521,515,-6,0,6
S18,P040,Mid-range,428,86,514,553,39,39,0
S18,P041,Premium,110,22,132,162,30,30,0
S18,P042,Premium,124,25,149,192,43,43,0
S18,P043,Premium,62,12,74,86,12,12,0
S18,P044,Premium,124,25,149,142,-7,0,7
S18,P045,Premium,124,25,149,142,-7,0,7
S18,P046,Premium,124,25,149,170,21,21,0
S18,P047,Premium,124,25,149,126,-23,0,23
S18,P048,Premium,124,25,149,114,-35,0,35
S18,P049,Premium,124,25,149,136,-13,0,13
S18,P050,Premium,124,25,149,130,-19,0,19
S18,P051,Premium,124,25,149,131,-18,0,18
S18,P052,Premium,124,25,149,125,-24,0,24
S18,P053,Flagship,60,12,72,52,-20,0,20
S18,P054,Flagship,62,12,74,53,-21,0,21
S18,P055,Flagship,54,11,65,84,19,19,0
S18,P056,Flagship,62,12,74,71,-3,0,3
S18,P057,Flagship,61,12,73,68,-5,0,5
S18,P058,Flagship,62,12,74,82,8,8,0
S18,P059,Flagship,62,12,74,61,-13,0,13
S18,P060,Flagship,62,12,74,94,20,20,0
S19,P001,Budget,376,75,451,528,77,77,0
S19,P002,Budget,755,151,906,683,-223,0,223
S19,P003,Budget,373,75,448,426,-22,0,22
S19,P004,Budget,755,151,906,1112,206,206,0
S19,P005,Budget,523,105,628,796,168,168,0
S19,P006,Budget,755,151,906,888,-18,0,18
S19,P007,Budget,756,151,907,969,62,62,0
S19,P008,Budget,754,151,905,724,-181,0,181
S19,P009,Budget,755,151,906,1173,267,267,0
S19,P010,Budget,756,151,907,761,-146,0,146
S19,P011,Budget,755,151,906,1147,241,241,0
S19,P012,Budget,755,151,906,987,81,81,0
S19,P013,Budget,755,151,906,965,59,59,0
S19,P014,Budget,756,151,907,914,7,7,0
S19,P015,Budget,755,151,906,760,-146,0,146
S19,P016,Budget,754,151,905,729,-176,0,176
S19,P017,Budget,755,151,906,754,-152,0,152
S19,P018,Budget,755,151,906,736,-170,0,170
S19,P019,Budget,755,151,906,1058,152,152,0
S19,P020,Budget,755,151,906,825,-81,0,81
S19,P021,Mid-range,187,37,224,165,-59,0,59
S19,P022,Mid-range,431,86,517,663,146,146,0
S19,P023,Mid-range,197,39,236,290,54,54,0
S19,P024,Mid-range,426,85,511,642,131,131,0
S19,P025,Mid-range,187,37,224,291,67,67,0
S19,P026,Mid-range,428,86,514,413,-101,0,101
S19,P027,Mid-range,429,86,515,483,-32,0,32
S19,P028,Mid-range,430,86,516,596,80,80,0
S19,P029,Mid-range,431,86,517,578,61,61,0
S19,P030,Mid-range,434,87,521,413,-108,0,108
S19,P031,Mid-range,430,86,516,614,98,98,0
S19,P032,Mid-range,424,85,509,425,-84,0,84
S19,P033,Mid-range,432,86,518,432,-86,0,86
S19,P034,Mid-range,432,86,518,529,11,11,0
S19,P035,Mid-range,426,85,511,539,28,28,0
S19,P036,Mid-range,433,87,520,545,25,25,0
S19,P037,Mid-range,433,87,520,393,-127,0,127
S19,P038,Mid-range,432,86,518,635,117,117,0
S19,P039,Mid-range,428,86,514,442,-72,0,72
S19,P040,Mid-range,433,87,520,404,-116,0,116
S19,P041,Premium,110,22,132,163,31,31,0
S19,P042,Premium,124,25,149,190,41,41,0
S19,P043,Premium,62,12,74,90,16,16,0
S19,P044,Premium,124,25,149,177,28,28,0
S19,P045,Premium,124,25,149,163,14,14,0
S19,P046,Premium,124,25,149,154,5,5,0
S19,P047,Premium,124,25,149,112,-37,0,37
S19,P048,Premium,124,25,149,141,-8,0,8
S19,P049,Premium,124,25,149,138,-11,0,11
S19,P050,Premium,125,25,150,128,-22,0,22
S19,P051,Premium,124,25,149,169,20,20,0
S19,P052,Premium,124,25,149,149,0,0,0
S19,P053,Flagship,37,7,44,33,-11,0,11
S19,P054,Flagship,62,12,74,62,-12,0,12
S19,P055,Flagship,45,9,54,60,6,6,0
S19,P056,Flagship,62,12,74,55,-19,0,19
S19,P057,Flagship,56,11,67,81,14,14,0
S19,P058,Flagship,62,12,74,74,0,0,0
S19,P059,Flagship,62,12,74,73,-1,0,1
S19,P060,Flagship,62,12,74,78,4,4,0
S20,P001,Budget,400,80,480,574,94,94,0
S20,P002,Budget,753,151,904,821,-83,0,83
S20,P003,Budget,372,74,446,494,48,48,0
S20,P004,Budget,754,151,905,941,36,36,0
S20,P005,Budget,528,106,634,545,-89,0,89
S20,P006,Budget,754,151,905,1111,206,206,0
S20,P007,Budget,754,151,905,1067,162,162,0
S20,P008,Budget,754,151,905,991,86,86,0
S20,P009,Budget,754,151,905,1095,190,190,0
S20,P010,Budget,754,151,905,1104,199,199,0
S20,P011,Budget,753,151,904,1017,113,113,0
S20,P012,Budget,754,151,905,1088,183,183,0
S20,P013,Budget,754,151,905,1012,107,107,0
S20,P014,Budget,754,151,905,1003,98,98,0
S20,P015,Budget,754,151,905,969,64,64,0
S20,P016,Budget,755,151,906,1043,137,137,0
S20,P017,Budget,753,151,904,719,-185,0,185
S20,P018,Budget,754,151,905,1112,207,207,0
S20,P019,Budget,754,151,905,1107,202,202,0
S20,P020,Budget,754,151,905,649,-256,0,256
S20,P021,Mid-range,187,37,224,268,44,44,0
S20,P022,Mid-range,430,86,516,401,-115,0,115
S20,P023,Mid-range,187,37,224,202,-22,0,22
S20,P024,Mid-range,429,86,515,590,75,75,0
S20,P025,Mid-range,192,38,230,183,-47,0,47
S20,P026,Mid-range,426,85,511,608,97,97,0
S20,P027,Mid-range,434,87,521,625,104,104,0
S20,P028,Mid-range,433,87,520,522,2,2,0
S20,P029,Mid-range,434,87,521,367,-154,0,154
S20,P030,Mid-range,430,86,516,450,-66,0,66
S20,P031,Mid-range,430,86,516,552,36,36,0
S20,P032,Mid-range,430,86,516,665,149,149,0
S20,P033,Mid-range,433,87,520,561,41,41,0
S20,P034,Mid-range,433,87,520,445,-75,0,75
S20,P035,Mid-range,433,87,520,562,42,42,0
S20,P036,Mid-range,434,87,521,533,12,12,0
S20,P037,Mid-range,431,86,517,604,87,87,0
S20,P038,Mid-range,434,87,521,398,-123,0,123
S20,P039,Mid-range,421,84,505,584,79,79,0
S20,P040,Mid-range,420,84,504,516,12,12,0
S20,P041,Premium,110,22,132,169,37,37,0
S20,P042,Premium,124,25,149,135,-14,0,14
S20,P043,Premium,62,12,74,80,6,6,0
S20,P044,Premium,124,25,149,188,39,39,0
S20,P045,Premium,124,25,149,113,-36,0,36
S20,P046,Premium,124,25,149,188,39,39,0
S20,P047,Premium,124,25,149,166,17,17,0
S20,P048,Premium,124,25,149,110,-39,0,39
S20,P049,Premium,124,25,149,131,-18,0,18
S20,P050,Premium,124,25,149,168,19,19,0
S20,P051,Premium,124,25,149,110,-39,0,39
S20,P052,Premium,124,25,149,156,7,7,0
S20,P053,Flagship,21,4,25,23,-2,0,2
S20,P054,Flagship,62,12,74,79,5,5,0
S20,P055,Flagship,20,4,24,17,-7,0,7
S20,P056,Flagship,62,12,74,90,16,16,0
S20,P057,Flagship,47,9,56,72,16,16,0
S20,P058,Flagship,62,12,74,95,21,21,0
S20,P059,Flagship,62,12,74,85,11,11,0
S20,P060,Flagship,62,12,74,58,-16,0,16
S21,P001,Budget,376,75,451,521,70,70,0
S21,P002,Budget,754,151,905,647,-258,0,258
S21,P003,Budget,372,74,446,318,-128,0,128
S21,P004,Budget,754,151,905,809,-96,0,96
S21,P005,Budget,516,103,619,615,-4,0,4
S21,P006,Budget,754,151,905,1052,147,147,0
S21,P007,Budget,754,151,905,1005,100,100,0
S21,P008,Budget,753,151,904,875,-29,0,29
S21,P009,Budget,754,151,905,782,-123,0,123
S21,P010,Budget,754,151,905,1175,270,270,0
S21,P011,Budget,753,151,904,864,-40,0,40
S21,P012,Budget,754,151,905,879,-26,0,26
S21,P013,Budget,754,151,905,722,-183,0,183
S21,P014,Budget,754,151,905,1065,160,160,0
S21,P015,Budget,754,151,905,1010,105,105,0
S21,P016,Budget,754,151,905,753,-152,0,152
S21,P017,Budget,755,151,906,679,-227,0,227
S21,P018,Budget,755,151,906,1004,98,98,0
S21,P019,Budget,754,151,905,989,84,84,0
S21,P020,Budget,754,151,905,782,-123,0,123
S21,P021,Mid-range,187,37,224,285,61,61,0
S21,P022,Mid-range,432,86,518,410,-108,0,108
S21,P023,Mid-range,190,38,228,219,-9,0,9
S21,P024,Mid-range,434,87,521,660,139,139,0
S21,P025,Mid-range,187,37,224,213,-11,0,11
S21,P026,Mid-range,430,86,516,559,43,43,0
S21,P027,Mid-range,433,87,520,488,-32,0,32
S21,P028,Mid-range,430,86,516,446,-70,0,70
S21,P029,Mid-range,433,87,520,671,151,151,0
S21,P030,Mid-range,430,86,516,488,-28,0,28
S21,P031,Mid-range,433,87,520,643,123,123,0
S21,P032,Mid-range,431,86,517,433,-84,0,84
S21,P033,Mid-range,433,87,520,430,-90,0,90
S21,P034,Mid-range,433,87,520,374,-146,0,146
S21,P035,Mid-range,433,87,520,567,47,47,0
S21,P036,Mid-range,434,87,521,480,-41,0,41
S21,P037,Mid-range,434,87,521,635,114,114,0
S21,P038,Mid-range,434,87,521,513,-8,0,8
S21,P039,Mid-range,423,85,508,651,143,143,0
S21,P040,Mid-range,434,87,521,423,-98,0,98
S21,P041,Premium,110,22,132,161,29,29,0
S21,P042,Premium,124,25,149,174,25,25,0
S21,P043,Premium,62,12,74,86,12,12,0
S21,P044,Premium,124,25,149,180,31,31,0
S21,P045,Premium,124,25,149,172,23,23,0
S21,P046,Premium,124,25,149,160,11,11,0
S21,P047,Premium,124,25,149,116,-33,0,33
S21,P048,Premium,124,25,149,107,-42,0,42
S21,P049,Premium,124,25,149,187,38,38,0
S21,P050,Premium,124,25,149,159,10,10,0
S21,P051,Premium,124,25,149,176,27,27,0
S21,P052,Premium,124,25,149,147,-2,0,2
S21,P053,Flagship,36,7,43,33,-10,0,10
S21,P054,Flagship,62,12,74,57,-17,0,17
S21,P055,Flagship,40,8,48,53,5,5,0
S21,P056,Flagship,62,12,74,71,-3,0,3
S21,P057,Flagship,49,10,59,48,-11,0,11
S21,P058,Flagship,62,12,74,74,0,0,0
S21,P059,Flagship,62,12,74,55,-19,0,19
S21,P060,Flagship,62,12,74,78,4,4,0
S22,P001,Budget,372,74,446,384,-62,0,62
S22,P002,Budget,754,151,905,1067,162,162,0
S22,P003,Budget,373,75,448,397,-51,0,51
S22,P004,Budget,753,151,904,880,-24,0,24
S22,P005,Budget,519,104,623,440,-183,0,183
S22,P006,Budget,753,151,904,672,-232,0,232
S22,P007,Budget,754,151,905,847,-58,0,58
S22,P008,Budget,753,151,904,893,-11,0,11
S22,P009,Budget,753,151,904,958,54,54,0
S22,P010,Budget,753,151,904,791,-113,0,113
S22,P011,Budget,754,151,905,1011,106,106,0
S22,P012,Budget,754,151,905,1101,196,196,0
S22,P013,Budget,754,151,905,1057,152,152,0
S22,P014,Budget,753,151,904,654,-250,0,250
S22,P015,Budget,751,150,901,890,-11,0,11
S22,P016,Budget,754,151,905,690,-215,0,215
S22,P017,Budget,753,151,904,764,-140,0,140
S22,P018,Budget,753,151,904,1168,264,264,0
S22,P019,Budget,752,150,902,709,-193,0,193
S22,P020,Budget,754,151,905,904,-1,0,1
S22,P021,Mid-range,187,37,224,240,16,16,0
S22,P022,Mid-range,431,86,517,580,63,63,0
S22,P023,Mid-range,187,37,224,232,8,8,0
S22,P024,Mid-range,434,87,521,368,-153,0,153
S22,P025,Mid-range,187,37,224,201,-23,0,23
S22,P026,Mid-range,431,86,517,522,5,5,0
S22,P027,Mid-range,426,85,511,385,-126,0,126
S22,P028,Mid-range,417,83,500,455,-45,0,45
S22,P029,Mid-range,432,86,518,373,-145,0,145
S22,P030,Mid-range,429,86,515,385,-130,0,130
S22,P031,Mid-range,434,87,521,489,-32,0,32
S22,P032,Mid-range,423,85,508,396,-112,0,112
S22,P033,Mid-range,430,86,516,537,21,21,0
S22,P034,Mid-range,432,86,518,577,59,59,0
S22,P035,Mid-range,428,86,514,607,93,93,0
S22,P036,Mid-range,431,86,517,424,-93,0,93
S22,P037,Mid-range,434,87,521,417,-104,0,104
S22,P038,Mid-range,434,87,521,397,-124,0,124
S22,P039,Mid-range,430,86,516,558,42,42,0
S22,P040,Mid-range,433,87,520,584,64,64,0
S22,P041,Premium,110,22,132,95,-37,0,37
S22,P042,Premium,124,25,149,188,39,39,0
S22,P043,Premium,62,12,74,54,-20,0,20
S22,P044,Premium,124,25,149,153,4,4,0
S22,P045,Premium,124,25,149,168,19,19,0
S22,P046,Premium,124,25,149,182,33,33,0
S22,P047,Premium,124,25,149,168,19,19,0
S22,P048,Premium,124,25,149,176,27,27,0
S22,P049,Premium,124,25,149,135,-14,0,14
S22,P050,Premium,124,25,149,177,28,28,0
S22,P051,Premium,124,25,149,111,-38,0,38
S22,P052,Premium,124,25,149,184,35,35,0
S22,P053,Flagship,56,11,67,69,2,2,0
S22,P054,Flagship,62,12,74,88,14,14,0
S22,P055,Flagship,49,10,59,57,-2,0,2
S22,P056,Flagship,62,12,74,80,6,6,0
S22,P057,Flagship,60,12,72,73,1,1,0
S22,P058,Flagship,62,12,74,84,10,10,0
S22,P059,Flagship,62,12,74,55,-19,0,19
S22,P060,Flagship,62,12,74,54,-20,0,20
S23,P001,Budget,263,53,316,268,-48,0,48
S23,P002,Budget,558,112,670,533,-137,0,137
S23,P003,Budget,269,54,323,395,72,72,0
S23,P004,Budget,558,112,670,557,-113,0,113
S23,P005,Budget,416,83,499,641,142,142,0
S23,P006,Budget,558,112,670,604,-66,0,66
S23,P007,Budget,558,112,670,542,-128,0,128
S23,P008,Budget,558,112,670,786,116,116,0
S23,P009,Budget,558,112,670,734,64,64,0
S23,P010,Budget,558,112,670,669,-1,0,1
S23,P011,Budget,558,112,670,692,22,22,0
S23,P012,Budget,558,112,670,758,88,88,0
S23,P013,Budget,558,112,670,561,-109,0,109
S23,P014,Budget,558,112,670,870,200,200,0
S23,P015,Budget,558,112,670,861,191,191,0
S23,P016,Budget,558,112,670,730,60,60,0
S23,P017,Budget,558,112,670,549,-121,0,121
S23,P018,Budget,558,112,670,742,72,72,0
S23,P019,Budget,556,111,667,496,-171,0,171
S23,P020,Budget,558,112,670,481,-189,0,189
S23,P021,Mid-range,256,51,307,262,-45,0,45
S23,P022,Mid-range,500,100,600,587,-13,0,13
S23,P023,Mid-range,256,51,307,375,68,68,0
S23,P024,Mid-range,499,100,599,681,82,82,0
S23,P025,Mid-range,254,51,305,349,44,44,0
S23,P026,Mid-range,499,100,599,572,-27,0,27
S23,P027,Mid-range,500,100,600,545,-55,0,55
S23,P028,Mid-range,500,100,600,554,-46,0,46
S23,P029,Mid-range,500,100,600,776,176,176,0
S23,P030,Mid-range,499,100,599,434,-165,0,165
S23,P031,Mid-range,501,100,601,733,132,132,0
S23,P032,Mid-range,497,99,596,624,28,28,0
S23,P033,Mid-range,501,100,601,579,-22,0,22
S23,P034,Mid-range,499,100,599,680,81,81,0
S23,P035,Mid-range,500,100,600,595,-5,0,5
S23,P036,Mid-range,499,100,599,733,134,134,0
S23,P037,Mid-range,501,100,601,745,144,144,0
S23,P038,Mid-range,499,100,599,571,-28,0,28
S23,P039,Mid-range,499,100,599,519,-80,0,80
S23,P040,Mid-range,499,100,599,632,33,33,0
S23,P041,Premium,166,33,199,248,49,49,0
S23,P042,Premium,190,38,228,188,-40,0,40
S23,P043,Premium,76,15,91,98,7,7,0
S23,P044,Premium,191,38,229,247,18,18,0
S23,P045,Premium,190,38,228,260,32,32,0
S23,P046,Premium,193,39,232,181,-51,0,51
S23,P047,Premium,190,38,228,258,30,30,0
S23,P048,Premium,190,38,228,284,56,56,0
S23,P049,Premium,191,38,229,185,-44,0,44
S23,P050,Premium,191,38,229,193,-36,0,36
S23,P051,Premium,191,38,229,294,65,65,0
S23,P052,Premium,190,38,228,184,-44,0,44
S23,P053,Flagship,62,12,74,90,16,16,0
S23,P054,Flagship,75,15,90,90,0,0,0
S23,P055,Flagship,62,12,74,63,-11,0,11
S23,P056,Flagship,66,13,79,97,18,18,0
S23,P057,Flagship,67,13,80,77,-3,0,3
S23,P058,Flagship,65,13,78,79,1,1,0
S23,P059,Flagship,63,13,76,70,-6,0,6
S23,P060,Flagship,64,13,77,81,4,4,0
S24,P001,Budget,257,51,308,246,-62,0,62
S24,P002,Budget,558,112,670,626,-44,0,44
S24,P003,Budget,261,52,313,401,88,88,0
S24,P004,Budget,558,112,670,573,-97,0,97
S24,P005,Budget,411,82,493,539,46,46,0
S24,P006,Budget,558,112,670,600,-70,0,70
S24,P007,Budget,558,112,670,780,110,110,0
S24,P008,Budget,558,112,670,522,-148,0,148
S24,P009,Budget,558,112,670,859,189,189,0
S24,P010,Budget,558,112,670,651,-19,0,19
S24,P011,Budget,558,112,670,564,-106,0,106
S24,P012,Budget,558,112,670,499,-171,0,171
S24,P013,Budget,558,112,670,537,-133,0,133
S24,P014,Budget,558,112,670,678,8,8,0
S24,P015,Budget,558,112,670,604,-66,0,66
S24,P016,Budget,558,112,670,802,132,132,0
S24,P017,Budget,558,112,670,642,-28,0,28
S24,P018,Budget,558,112,670,569,-101,0,101
S24,P019,Budget,558,112,670,717,47,47,0
S24,P020,Budget,558,112,670,753,83,83,0
S24,P021,Mid-range,259,52,311,249,-62,0,62
S24,P022,Mid-range,500,100,600,480,-120,0,120
S24,P023,Mid-range,257,51,308,222,-86,0,86
S24,P024,Mid-range,499,100,599,684,85,85,0
S24,P025,Mid-range,255,51,306,336,30,30,0
S24,P026,Mid-range,499,100,599,590,-9,0,9
S24,P027,Mid-range,500,100,600,724,124,124,0
S24,P028,Mid-range,502,100,602,712,110,110,0
S24,P029,Mid-range,500,100,600,631,31,31,0
S24,P030,Mid-range,499,100,599,731,132,132,0
S24,P031,Mid-range,501,100,601,495,-106,0,106
S24,P032,Mid-range,499,100,599,460,-139,0,139
S24,P033,Mid-range,500,100,600,517,-83,0,83
S24,P034,Mid-range,501,100,601,441,-160,0,160
S24,P035,Mid-range,501,100,601,612,11,11,0
S24,P036,Mid-range,499,100,599,756,157,157,0
S24,P037,Mid-range,501,100,601,435,-166,0,166
S24,P038,Mid-range,499,100,599,463,-136,0,136
S24,P039,Mid-range,498,100,598,581,-17,0,17
S24,P040,Mid-range,499,100,599,755,156,156,0
S24,P041,Premium,170,34,204,181,-23,0,23
S24,P042,Premium,191,38,229,230,1,1,0
S24,P043,Premium,82,16,98,71,-27,0,27
S24,P044,Premium,191,38,229,181,-48,0,48
S24,P045,Premium,191,38,229,296,67,67,0
S24,P046,Premium,191,38,229,293,64,64,0
S24,P047,Premium,191,38,229,161,-68,0,68
S24,P048,Premium,191,38,229,291,62,62,0
S24,P049,Premium,191,38,229,248,19,19,0
S24,P050,Premium,191,38,229,280,51,51,0
S24,P051,Premium,191,38,229,223,-6,0,6
S24,P052,Premium,191,38,229,231,2,2,0
S24,P053,Flagship,62,12,74,74,0,0,0
S24,P054,Flagship,63,13,76,84,8,8,0
S24,P055,Flagship,62,12,74,58,-16,0,16
S24,P056,Flagship,63,13,76,55,-21,0,21
S24,P057,Flagship,67,13,80,71,-9,0,9
S24,P058,Flagship,63,13,76,85,9,9,0
S24,P059,Flagship,63,13,76,62,-14,0,14
S24,P060,Flagship,63,13,76,84,8,8,0
S25,P001,Budget,376,75,451,578,127,127,0
S25,P002,Budget,755,151,906,685,-221,0,221
S25,P003,Budget,373,75,448,494,46,46,0
S25,P004,Budget,753,151,904,873,-31,0,31
S25,P005,Budget,514,103,617,753,136,136,0
S25,P006,Budget,753,151,904,729,-175,0,175
S25,P007,Budget,753,151,904,1008,104,104,0
S25,P008,Budget,754,151,905,1089,184,184,0
S25,P009,Budget,753,151,904,1145,241,241,0
S25,P010,Budget,753,151,904,1003,99,99,0
S25,P011,Budget,754,151,905,903,-2,0,2
S25,P012,Budget,754,151,905,969,64,64,0
S25,P013,Budget,754,151,905,1105,200,200,0
S25,P014,Budget,754,151,905,943,38,38,0
S25,P015,Budget,753,151,904,649,-255,0,255
S25,P016,Budget,753,151,904,1138,234,234,0
S25,P017,Budget,754,151,905,1008,103,103,0
S25,P018,Budget,754,151,905,1001,96,96,0
S25,P019,Budget,754,151,905,751,-154,0,154
S25,P020,Budget,754,151,905,991,86,86,0
S25,P021,Mid-range,187,37,224,210,-14,0,14
S25,P022,Mid-range,429,86,515,562,47,47,0
S25,P023,Mid-range,187,37,224,171,-53,0,53
S25,P024,Mid-range,433,87,520,569,49,49,0
S25,P025,Mid-range,187,37,224,291,67,67,0
S25,P026,Mid-range,430,86,516,376,-140,0,140
S25,P027,Mid-range,434,87,521,670,149,149,0
S25,P028,Mid-range,432,86,518,489,-29,0,29
S25,P029,Mid-range,433,87,520,636,116,116,0
S25,P030,Mid-range,433,87,520,608,88,88,0
S25,P031,Mid-range,434,87,521,542,21,21,0
S25,P032,Mid-range,434,87,521,596,75,75,0
S25,P033,Mid-range,428,86,514,631,117,117,0
S25,P034,Mid-range,432,86,518,488,-30,0,30
S25,P035,Mid-range,431,86,517,463,-54,0,54
S25,P036,Mid-range,434,87,521,573,52,52,0
S25,P037,Mid-range,432,86,518,614,96,96,0
S25,P038,Mid-range,431,86,517,598,81,81,0
S25,P039,Mid-range,432,86,518,611,93,93,0
S25,P040,Mid-range,433,87,520,500,-20,0,20
S25,P041,Premium,110,22,132,157,25,25,0
S25,P042,Premium,124,25,149,115,-34,0,34
S25,P043,Premium,62,12,74,76,2,2,0
S25,P044,Premium,124,25,149,105,-44,0,44
S25,P045,Premium,124,25,149,133,-16,0,16
S25,P046,Premium,124,25,149,137,-12,0,12
S25,P047,Premium,124,25,149,140,-9,0,9
S25,P048,Premium,124,25,149,166,17,17,0
S25,P049,Premium,124,25,149,139,-10,0,10
S25,P050,Premium,124,25,149,144,-5,0,5
S25,P051,Premium,124,25,149,126,-23,0,23
S25,P052,Premium,124,25,149,138,-11,0,11
S25,P053,Flagship,44,9,53,44,-9,0,9
S25,P054,Flagship,62,12,74,55,-19,0,19
S25,P055,Flagship,57,11,68,72,4,4,0
S25,P056,Flagship,62,12,74,81,7,7,0
S25,P057,Flagship,57,11,68,73,5,5,0
S25,P058,Flagship,62,12,74,72,-2,0,2
S25,P059,Flagship,62,12,74,69,-5,0,5
S25,P060,Flagship,62,12,74,90,16,16,0
